{
  "accuracy": [
    0.21962839365005493,
    0.3920914828777313,
    0.46927109360694885,
    0.5807527303695679,
    0.6855645775794983,
    0.7517865896224976,
    0.7941877245903015,
    0.8318246603012085,
    0.8480228781700134,
    0.8694616556167603,
    0.8756550550460815,
    0.8947117924690247,
    0.896140992641449,
    0.9194854497909546,
    0.9275845885276794,
    0.9299666285514832,
    0.9499762058258057,
    0.9437827467918396,
    0.9537875056266785,
    0.9528346657752991,
    0.9518818259239197,
    0.969032883644104,
    0.9823725819587708,
    0.9899952411651611,
    0.9909480810165405,
    0.9866603016853333,
    0.9938066005706787,
    0.9971414804458618,
    0.9966650605201721,
    0.9938066005706787,
    0.9914245009422302,
    0.993330180644989,
    0.9961886405944824,
    0.9980943202972412,
    0.9961886405944824,
    0.9966650605201721
  ],
  "loss": [
    2.536076784133911,
    1.8579323291778564,
    1.648915410041809,
    1.3300517797470093,
    1.0708651542663574,
    0.927012026309967,
    0.8218005895614624,
    0.6953901052474976,
    0.6313486695289612,
    0.577039897441864,
    0.5522240996360779,
    0.48299458622932434,
    0.4988795518875122,
    0.4150562584400177,
    0.39768603444099426,
    0.3587745726108551,
    0.31341615319252014,
    0.3207944631576538,
    0.2927357852458954,
    0.2799012064933777,
    0.2760988473892212,
    0.2349952757358551,
    0.19658014178276062,
    0.17688164114952087,
    0.16405197978019714,
    0.16899651288986206,
    0.15169720351696014,
    0.1429450362920761,
    0.1373833566904068,
    0.1380303055047989,
    0.1390812247991562,
    0.13223956525325775,
    0.1263921856880188,
    0.11956658959388733,
    0.12316923588514328,
    0.11550408601760864
  ],
  "val_accuracy": [
    0.07999999821186066,
    0.10000000149011612,
    0.1111111119389534,
    0.15777777135372162,
    0.6711111068725586,
    0.5777778029441833,
    0.6399999856948853,
    0.7066666483879089,
    0.7711111307144165,
    0.25999999046325684,
    0.8622221946716309,
    0.6977777481079102,
    0.8733333349227905,
    0.7666666507720947,
    0.8755555748939514,
    0.9088888764381409,
    0.8955555558204651,
    0.851111114025116,
    0.8888888955116272,
    0.8777777552604675,
    0.6777777671813965,
    0.9511111378669739,
    0.9511111378669739,
    0.9399999976158142,
    0.9511111378669739,
    0.9711111187934875,
    0.9555555582046509,
    0.9422222375869751,
    0.95333331823349,
    0.9622222185134888,
    0.9399999976158142,
    0.9555555582046509,
    0.9577777981758118,
    0.95333331823349,
    0.9599999785423279,
    0.9177777767181396
  ],
  "val_loss": [
    3.1878280639648438,
    7.045197010040283,
    5.923891544342041,
    4.093221187591553,
    1.1685292720794678,
    1.511367678642273,
    1.2200781106948853,
    1.440274715423584,
    0.7604540586471558,
    5.786013603210449,
    0.6139549612998962,
    1.113258957862854,
    0.5518794655799866,
    0.8568199872970581,
    0.5439161658287048,
    0.44907891750335693,
    0.5046358108520508,
    0.7365671992301941,
    0.5263169407844543,
    0.5113752484321594,
    1.9381409883499146,
    0.32276037335395813,
    0.3086712956428528,
    0.3427543342113495,
    0.29487144947052,
    0.24301952123641968,
    0.26709309220314026,
    0.31271475553512573,
    0.27489519119262695,
    0.2606658339500427,
    0.3028201758861542,
    0.2630091905593872,
    0.2543052136898041,
    0.24797402322292328,
    0.23579825460910797,
    0.34922903776168823
  ],
  "learning_rate": [
    0.0010000000474974513,
    0.0010000000474974513,
    0.0010000000474974513,
    0.0010000000474974513,
    0.0010000000474974513,
    0.0010000000474974513,
    0.0010000000474974513,
    0.0010000000474974513,
    0.0010000000474974513,
    0.0010000000474974513,
    0.0010000000474974513,
    0.0010000000474974513,
    0.0010000000474974513,
    0.0010000000474974513,
    0.0010000000474974513,
    0.0010000000474974513,
    0.0010000000474974513,
    0.0010000000474974513,
    0.0010000000474974513,
    0.0010000000474974513,
    0.0010000000474974513,
    0.0005000000237487257,
    0.0005000000237487257,
    0.0005000000237487257,
    0.0005000000237487257,
    0.0005000000237487257,
    0.0005000000237487257,
    0.0005000000237487257,
    0.0005000000237487257,
    0.0005000000237487257,
    0.0005000000237487257,
    0.0002500000118743628,
    0.0002500000118743628,
    0.0002500000118743628,
    0.0002500000118743628,
    0.0002500000118743628
  ]
}